colony,minute,donor,receiver
1,30,39,19
1,30,55,5
1,33,51,40
1,35,4,21
1,37,41,40
1,38,29,34
1,38,40,49
1,39,29,34
1,39,40,49
1,40,31,34
1,40,49,41
1,40,51,3
1,41,34,29
1,42,4,17
1,42,21,49
1,42,34,55
1,43,4,17
1,43,38,34
1,43,49,20
1,44,4,17
1,44,40,41
1,44,45,49
1,45,4,17
1,45,40,41
1,46,4,61
1,46,45,15
1,47,4,61
1,47,39,49
1,47,45,15
1,47,63,41
1,48,20,59
1,48,29,60
1,48,39,16
1,48,41,63
1,48,45,15
1,48,51,31
1,48,52,9
1,49,20,59
1,49,29,60
1,49,34,37
1,49,39,16
1,49,40,35
1,49,51,31
1,50,20,59
1,50,29,60
1,50,33,19
1,50,34,37
1,50,39,16
1,50,40,35
1,50,51,31
1,51,4,49
1,51,20,59
1,51,33,19
1,51,34,37
1,51,51,31
1,52,4,12
1,52,5,19
1,52,20,59
1,52,51,31
1,52,60,29
1,53,4,12
1,53,5,19
1,53,20,59
1,53,29,60
1,53,34,61
1,53,38,15
1,54,4,49
1,54,20,59
1,54,24,45
1,54,29,60
1,54,34,61
1,54,38,15
1,55,5,8
1,55,20,59
1,55,24,45
1,55,31,51
1,55,38,15
1,55,49,14
1,56,4,49
1,56,5,8
1,56,20,59
1,56,31,51
1,56,38,15
1,56,41,52
1,56,49,14
1,57,4,49
1,57,5,8
1,57,17,63
1,57,20,59
1,57,31,51
1,57,33,19
1,57,35,60
1,57,38,15
1,57,41,52
1,57,45,0
1,57,49,14
1,58,4,49
1,58,5,8
1,58,17,63
1,58,20,59
1,58,35,60
1,58,38,15
1,58,41,52
1,58,45,0
1,58,49,14
1,59,12,4
1,59,17,63
1,59,35,60
1,59,41,52
1,59,45,0
1,59,49,14
1,59,59,39
1,60,4,49
1,60,19,53
1,60,35,60
1,60,39,59
1,60,41,52
1,61,4,49
1,61,10,5
1,61,19,53
1,61,35,60
1,61,39,59
1,61,40,51
1,61,40,51
1,61,45,0
1,62,4,49
1,62,16,53
1,62,35,60
1,62,38,13
1,62,39,59
1,62,40,51
1,62,49,0
1,63,4,12
1,63,13,38
1,63,16,53
1,63,31,14
1,63,35,60
1,63,39,37
1,63,40,51
1,63,49,0
1,64,4,12
1,64,16,53
1,64,31,14
1,64,33,15
1,64,38,13
1,64,39,37
1,64,40,51
1,64,49,0
1,65,4,12
1,65,16,53
1,65,20,24
1,65,39,37
1,65,49,0
1,66,4,12
1,66,16,53
1,66,33,8
1,66,49,0
1,67,41,53
1,68,8,63
1,68,37,52
1,68,41,53
1,68,61,0
1,69,8,63
1,69,10,13
1,69,39,60
1,69,41,53
1,69,45,42
1,69,61,0
1,70,19,49
1,70,39,60
1,71,19,49
1,71,20,23
1,71,39,60
1,71,41,24
1,72,19,49
1,73,19,49
1,73,31,53
1,73,39,4
1,73,40,60
1,73,45,16
1,73,59,6
1,74,19,49
1,74,39,4
1,74,40,60
1,74,53,31
1,74,59,6
1,75,19,12
1,75,39,4
1,75,53,31
1,75,59,6
1,76,19,12
1,76,45,51
1,76,53,31
1,76,59,6
1,77,45,51
1,77,53,31
1,77,59,6
1,78,45,51
1,78,59,6
1,79,5,15
1,79,10,24
1,79,45,51
1,79,48,23
1,80,8,1
1,80,10,24
1,80,33,53
1,80,37,60
1,80,45,51
1,81,10,24
1,81,29,42
1,81,33,53
1,81,34,60
1,81,37,60
1,81,45,51
1,82,33,53
1,82,34,60
1,82,37,63
1,82,51,3
1,83,33,53
1,83,34,60
1,83,51,3
1,84,4,49
1,84,40,37
1,84,51,3
1,85,4,49
1,85,45,24
1,85,51,3
1,85,52,9
1,85,59,27
1,86,4,49
1,86,9,34
1,86,45,24
1,86,59,27
1,87,4,49
1,87,45,24
1,88,4,49
1,88,45,24
1,89,45,24
1,90,33,9
1,90,45,24
2,35,18,51
2,36,21,54
2,37,23,6
2,38,23,6
2,38,49,30
2,39,23,6
2,39,28,2
2,39,49,30
2,40,23,6
2,40,49,53
2,40,63,28
2,41,18,45
2,41,23,6
2,41,42,11
2,41,49,53
2,41,63,28
2,42,18,45
2,42,21,29
2,42,23,6
2,42,42,11
2,42,49,53
2,42,63,28
2,43,18,45
2,43,42,11
2,43,49,53
2,43,63,28
2,44,15,19
2,44,23,30
2,44,42,51
2,44,63,28
2,45,15,19
2,45,23,30
2,45,37,29
2,45,46,32
2,45,52,48
2,45,54,11
2,45,63,28
2,46,18,6
2,46,46,32
2,46,53,23
2,46,54,11
2,46,63,2
2,47,12,30
2,47,18,6
2,47,37,29
2,47,46,32
2,47,54,11
2,47,63,2
2,48,15,40
2,48,18,6
2,48,37,29
2,48,46,32
2,48,49,30
2,48,54,11
2,48,63,2
2,49,15,40
2,49,18,6
2,49,37,29
2,49,46,32
2,49,49,30
2,49,54,11
2,49,63,2
2,50,15,40
2,50,37,53
2,50,46,56
2,50,49,30
2,50,54,11
2,50,63,28
2,51,15,40
2,51,34,10
2,51,37,53
2,51,46,56
2,51,49,30
2,51,54,11
2,51,63,28
2,52,15,40
2,52,46,56
2,52,54,11
2,52,63,28
2,53,34,19
2,53,46,56
2,53,54,11
2,53,63,28
2,54,23,53
2,54,37,10
2,54,54,11
2,54,63,28
2,55,23,53
2,55,34,2
2,55,37,10
2,55,42,40
2,55,54,11
2,56,15,63
2,56,23,53
2,56,37,10
2,56,42,40
2,56,49,32
2,56,54,11
2,57,15,63
2,57,18,19
2,57,23,30
2,57,37,10
2,57,42,40
2,57,49,32
2,57,54,11
2,58,15,63
2,58,18,19
2,58,37,10
2,58,42,40
2,58,46,56
2,58,54,11
2,59,18,19
2,59,28,2
2,59,37,10
2,59,42,40
2,59,46,56
2,59,54,11
2,60,2,28
2,60,37,10
2,60,42,40
2,60,54,11
2,61,18,19
2,61,37,10
2,61,42,40
2,61,46,54
2,62,18,32
2,62,37,10
2,62,42,40
2,62,46,56
2,62,53,31
2,63,18,32
2,63,37,10
2,63,42,40
2,63,53,31
2,64,18,32
2,64,30,43
2,64,37,10
2,64,42,40
2,64,53,31
2,65,18,32
2,65,30,43
2,65,37,10
2,65,46,0
2,65,54,28
2,66,15,26
2,66,30,43
2,66,37,10
2,66,46,0
2,67,1,53
2,67,15,26
2,67,43,30
2,67,46,0
2,68,1,53
2,68,15,26
2,68,19,63
2,68,30,43
2,68,46,0
2,68,54,57
2,69,15,26
2,69,19,63
2,69,30,43
2,69,46,0
2,69,54,57
2,70,15,26
2,70,30,43
2,70,46,47
2,70,54,57
2,70,63,21
2,71,15,26
2,71,18,10
2,71,23,55
2,71,29,57
2,71,30,43
2,71,46,47
2,71,63,21
2,72,15,26
2,72,23,55
2,72,30,43
2,72,63,21
2,73,18,53
2,73,30,43
2,73,37,40
2,73,45,31
2,74,18,53
2,74,30,43
2,75,18,53
2,75,30,43
2,75,57,26
2,76,18,53
2,76,30,43
2,76,32,35
2,76,37,55
2,76,57,26
2,77,18,53
2,77,37,55
2,77,57,26
2,78,28,35
2,78,37,55
2,78,47,30
2,78,54,14
2,78,57,26
2,79,28,35
2,79,37,55
2,79,42,15
2,79,54,14
2,79,57,26
2,80,12,9
2,80,19,56
2,80,49,37
2,80,54,14
2,80,57,26
2,81,42,35
2,81,46,59
2,81,54,14
2,81,63,30
2,82,21,56
2,82,28,1
2,82,42,35
2,82,46,59
2,82,49,57
2,82,54,14
2,83,42,35
2,83,46,59
2,83,49,57
2,83,54,14
2,84,10,11
2,84,42,35
2,84,49,57
2,85,10,11
2,85,15,30
2,85,23,62
2,85,42,35
2,85,49,57
2,86,12,57
2,86,15,30
2,86,34,14
2,86,42,35
2,87,15,30
2,87,34,14
2,88,28,59
2,89,0,55
2,89,10,21
2,89,19,60
2,89,35,2
2,90,10,21
2,90,19,60
2,90,34,61
2,90,35,2
2,90,45,43
3,35,14,62
3,36,1,44
3,36,14,16
3,37,1,60
3,37,14,16
3,38,1,60
3,38,14,16
3,39,1,60
3,39,16,62
3,40,1,60
3,40,16,62
3,40,63,30
3,41,1,60
3,41,14,62
3,41,22,36
3,41,23,30
3,42,1,60
3,42,14,62
3,42,22,36
3,43,1,60
3,44,1,60
3,44,10,47
3,44,63,5
3,45,1,60
3,45,10,47
3,45,16,62
3,45,36,33
3,45,63,5
3,46,1,60
3,46,10,47
3,46,16,62
3,46,22,21
3,46,58,57
3,46,63,5
3,47,1,60
3,47,16,62
3,47,16,62
3,47,22,21
3,47,23,55
3,47,30,24
3,47,58,57
3,47,63,5
3,48,16,62
3,48,22,21
3,48,23,55
3,48,30,24
3,48,58,54
3,48,63,5
3,49,1,6
3,49,16,62
3,49,22,21
3,49,23,55
3,49,30,24
3,49,58,54
3,49,63,5
3,50,1,6
3,50,14,60
3,50,16,62
3,50,22,21
3,50,23,55
3,50,30,24
3,50,58,54
3,50,63,5
3,51,1,6
3,51,14,60
3,51,16,62
3,51,22,21
3,51,23,55
3,51,30,24
3,51,58,54
3,51,63,5
3,52,1,6
3,52,14,60
3,52,16,62
3,52,23,55
3,52,30,24
3,52,51,5
3,53,14,60
3,53,24,30
3,53,63,5
3,54,14,60
3,54,16,6
3,54,24,30
3,54,36,29
3,54,62,47
3,54,63,5
3,55,14,60
3,55,16,6
3,55,24,30
3,55,36,29
3,55,63,5
3,56,16,6
3,56,24,30
3,56,36,29
3,56,60,50
3,56,63,5
3,57,16,6
3,57,36,29
3,57,58,30
3,57,60,50
3,57,63,5
3,58,23,36
3,58,58,12
3,58,60,50
3,59,16,24
3,59,58,12
3,60,16,24
3,60,54,50
3,60,58,59
3,61,14,1
3,61,16,24
3,61,21,17
3,61,54,50
3,62,16,24
3,62,30,51
3,62,54,50
3,62,59,12
3,63,59,12
3,64,14,29
3,64,59,12
3,65,1,50
3,65,14,29
3,65,20,54
3,65,59,12
3,66,1,50
3,66,14,29
3,66,59,12
3,67,1,50
3,67,14,29
3,67,16,54
3,67,59,12
3,68,14,29
3,68,22,54
3,68,58,32
3,68,59,12
3,68,63,17
3,69,14,29
3,69,58,32
3,69,59,12
3,69,63,17
3,70,14,29
3,70,58,32
3,70,59,12
3,70,63,17
3,71,1,8
3,71,14,29
3,71,24,16
3,71,58,32
3,71,63,17
3,72,1,8
3,72,14,29
3,72,24,16
3,72,50,28
3,72,59,4
3,72,60,40
3,72,63,17
3,73,1,8
3,73,14,29
3,73,24,16
3,73,42,9
3,73,50,28
3,73,63,17
3,74,14,29
3,74,22,24
3,74,23,59
3,74,42,9
3,74,50,28
3,75,14,29
3,75,23,59
3,75,42,9
3,75,50,28
3,76,5,54
3,76,12,46
3,76,14,29
3,76,22,17
3,76,42,9
3,76,50,28
3,77,14,29
3,77,14,29
3,77,22,17
3,77,50,28
3,78,36,26
3,78,42,9
3,78,50,28
3,78,59,46
3,79,14,29
3,79,35,12
3,79,36,26
3,79,42,9
3,79,50,28
3,80,1,62
3,80,14,29
3,80,35,33
3,80,36,26
3,80,42,9
3,80,50,28
3,80,61,58
3,81,14,29
3,81,22,19
3,81,35,33
3,81,36,26
3,81,42,9
3,81,50,28
3,81,58,61
3,82,14,29
3,82,35,33
3,82,36,26
3,82,42,9
3,82,50,28
3,82,58,61
3,83,14,29
3,83,36,26
3,83,50,28
3,83,58,61
3,84,14,29
3,84,36,26
3,84,50,28
3,84,58,61
3,85,0,34
3,85,1,30
3,85,14,29
3,85,24,9
3,85,36,26
3,85,50,28
3,86,0,34
3,86,1,30
3,86,23,61
3,86,24,9
3,86,36,26
3,86,50,28
3,86,62,17
3,87,0,34
3,87,23,61
3,87,24,9
3,87,36,26
3,87,50,28
3,88,0,34
3,88,10,19
3,88,23,61
3,88,24,9
3,88,36,26
3,88,50,28
3,89,0,34
3,89,23,61
3,89,24,9
3,89,36,26
3,89,50,28
3,90,0,34
3,90,1,19
3,90,17,2
3,90,22,26
3,90,24,9
3,90,50,28
3,90,57,58
4,32,31,59
4,32,42,64
4,33,1,46
4,33,31,59
4,33,42,64
4,34,1,38
4,34,42,64
4,35,1,38
4,35,19,59
4,35,41,22
4,35,42,64
4,36,1,38
4,36,41,22
4,37,1,38
4,37,19,32
4,37,31,64
4,37,41,22
4,37,42,14
4,38,19,59
4,38,20,23
4,38,31,8
4,38,32,46
4,38,42,14
4,39,20,60
4,39,31,8
4,39,32,46
4,39,64,54
4,40,1,48
4,40,19,27
4,40,20,60
4,40,31,8
4,40,32,35
4,40,38,14
4,40,64,54
4,41,1,48
4,41,19,27
4,41,20,60
4,41,31,8
4,41,35,32
4,41,38,14
4,41,64,54
4,42,1,21
4,42,19,27
4,42,47,14
4,42,59,60
4,42,64,54
4,43,1,21
4,43,8,36
4,43,19,27
4,43,23,61
4,43,47,9
4,43,59,60
4,43,64,54
4,44,19,27
4,44,23,61
4,44,47,9
4,44,59,60
4,44,64,54
4,45,14,46
4,45,23,61
4,45,32,60
4,45,64,54
4,46,14,46
4,46,19,41
4,46,23,61
4,46,32,60
4,46,47,36
4,46,64,54
4,47,14,46
4,47,23,61
4,47,27,10
4,47,42,29
4,47,47,36
4,47,64,20
4,48,14,46
4,48,23,61
4,48,35,8
4,48,47,36
4,49,9,51
4,49,23,61
4,49,31,49
4,49,32,46
4,49,47,36
4,50,1,32
4,50,2,5
4,50,14,51
4,50,23,61
4,50,31,49
4,50,47,36
4,50,60,15
4,50,64,42
4,51,2,5
4,51,14,51
4,51,20,57
4,51,23,61
4,51,31,49
4,51,35,12
4,51,47,36
4,51,60,15
4,52,1,15
4,52,2,5
4,52,14,51
4,52,19,27
4,52,20,57
4,52,23,61
4,52,31,49
4,52,32,10
4,52,35,12
4,52,47,36
4,53,2,5
4,53,14,51
4,53,20,57
4,53,23,61
4,53,31,49
4,53,32,10
4,53,35,12
4,53,47,36
4,54,1,13
4,54,2,57
4,54,14,51
4,54,20,57
4,54,23,61
4,54,32,10
4,54,35,12
4,54,47,36
4,54,59,40
4,55,1,13
4,55,2,57
4,55,14,51
4,55,21,54
4,55,23,61
4,55,32,10
4,55,35,12
4,55,47,36
4,55,55,56
4,55,59,40
4,56,1,13
4,56,2,57
4,56,14,51
4,56,21,54
4,56,32,10
4,56,35,12
4,56,47,12
4,56,59,40
4,56,64,57
4,57,1,13
4,57,2,5
4,57,14,51
4,57,35,12
4,57,47,36
4,58,1,13
4,58,8,61
4,58,14,51
4,58,32,23
4,58,35,12
4,59,8,61
4,59,12,58
4,59,14,51
4,59,17,27
4,59,32,23
4,59,35,12
4,59,40,59
4,59,42,54
4,60,14,51
4,60,32,23
4,60,35,12
4,60,41,21
4,60,42,54
4,60,57,13
4,60,64,16
4,61,14,59
4,61,32,40
4,61,35,12
4,61,57,13
4,61,64,16
4,62,1,46
4,62,2,55
4,62,14,59
4,62,35,12
4,62,41,12
4,62,47,5
4,62,54,51
4,62,64,16
4,63,2,55
4,63,14,59
4,63,23,40
4,63,35,49
4,63,41,12
4,63,47,57
4,63,54,51
4,63,62,13
4,63,64,36
4,64,2,55
4,64,5,36
4,64,14,59
4,64,23,40
4,64,41,12
4,64,42,12
4,64,54,51
4,64,62,13
4,65,1,14
4,65,2,15
4,65,5,36
4,65,41,12
4,65,42,12
4,65,60,53
4,65,62,13
4,65,63,43
4,66,1,14
4,66,2,55
4,66,32,9
4,66,41,12
4,66,42,12
4,66,60,53
4,66,63,43
4,67,1,51
4,67,2,55
4,67,21,13
4,67,41,12
4,67,42,12
4,67,57,54
4,67,62,14
4,68,2,55
4,68,16,17
4,68,21,64
4,68,35,53
4,68,38,32
4,68,41,12
4,68,42,12
4,68,47,40
4,68,62,14
4,68,64,9
4,69,2,55
4,69,32,38
4,69,36,16
4,69,64,9
4,70,13,58
4,70,20,35
4,70,32,9
4,70,46,23
4,70,57,43
4,71,20,35
4,71,46,23
4,71,57,43
4,72,20,35
4,72,32,8
4,72,41,51
4,72,57,43
4,73,2,61
4,73,13,49
4,73,15,8
4,73,21,16
4,73,41,51
4,73,46,22
4,73,57,43
4,74,2,61
4,74,13,49
4,74,21,16
4,74,31,42
4,74,46,22
4,74,57,43
4,75,2,61
4,75,13,12
4,75,14,62
4,75,21,16
4,75,41,51
4,75,46,22
4,75,57,43
4,76,14,62
4,76,21,16
4,76,46,22
4,76,57,43
4,77,32,64
4,77,41,4
4,77,46,22
4,77,57,43
4,78,32,64
4,78,35,11
4,78,41,4
4,78,46,22
4,78,57,43
4,79,41,4
4,79,46,22
4,79,47,20
4,79,57,43
4,80,2,12
4,80,41,4
4,80,42,10
4,80,46,22
4,80,57,43
4,81,2,12
4,81,41,4
4,81,46,22
4,82,2,12
4,82,13,64
4,82,41,4
4,82,46,22
4,83,2,12
4,83,41,4
4,83,43,42
4,83,46,22
4,84,35,36
4,84,41,4
4,84,43,42
4,84,46,22
4,85,41,4
4,85,46,22
4,86,21,62
4,86,41,4
4,86,46,22
4,86,64,42
4,87,36,57
4,87,41,4
4,87,46,22
4,88,2,12
4,88,19,43
4,88,32,21
4,88,36,57
4,88,41,4
4,88,46,22
4,88,64,20
4,89,2,12
4,89,32,21
4,89,41,4
4,89,46,22
4,89,64,20
4,90,46,22
5,35,55,27
5,36,21,27
5,36,35,59
5,37,21,1
5,38,21,1
5,39,21,22
5,39,55,1
5,40,21,22
5,40,36,45
5,40,42,64
5,40,55,23
5,41,36,45
5,41,59,23
5,42,36,45
5,42,37,23
5,43,1,15
5,43,27,22
5,43,35,24
5,43,37,23
5,44,1,15
5,44,27,22
5,44,35,24
5,44,59,62
5,44,61,38
5,45,6,45
5,45,21,15
5,45,35,24
5,45,61,38
5,46,6,45
5,46,35,24
5,46,36,15
5,46,55,62
5,46,61,38
5,47,35,24
5,47,36,15
5,47,55,62
5,47,61,38
5,48,23,38
5,48,36,15
5,49,21,46
5,49,23,38
5,50,1,30
5,50,21,46
5,50,23,38
5,50,42,45
5,51,1,30
5,51,23,38
5,51,27,51
5,52,1,30
5,52,23,38
5,52,27,51
5,53,1,30
5,53,15,50
5,53,23,38
5,53,27,51
5,54,1,30
5,54,21,48
5,54,27,51
5,55,1,30
5,55,21,48
5,55,24,50
5,55,27,51
5,55,36,5
5,55,62,38
5,56,1,30
5,56,21,48
5,56,36,5
5,56,45,0
5,56,62,38
5,57,1,30
5,57,15,25
5,57,21,48
5,57,36,5
5,57,62,38
5,58,1,30
5,58,15,50
5,58,21,48
5,58,36,5
5,58,62,38
5,59,1,30
5,59,15,50
5,59,27,16
5,59,36,5
5,59,45,48
5,59,59,51
5,59,62,38
5,60,0,3
5,60,1,30
5,60,15,50
5,60,27,16
5,60,36,5
5,60,59,51
5,60,62,38
5,61,1,30
5,61,15,50
5,61,22,45
5,61,27,16
5,61,36,5
5,61,59,51
5,61,62,38
5,62,1,30
5,62,6,15
5,62,22,45
5,62,27,16
5,62,36,5
5,62,59,51
5,62,62,38
5,63,1,30
5,63,21,16
5,63,59,51
5,64,6,50
5,64,15,5
5,64,21,16
5,64,59,51
5,65,6,50
5,65,15,5
5,65,21,16
5,65,38,30
5,65,59,51
5,66,15,5
5,66,21,16
5,66,48,62
5,66,63,30
5,67,63,62
5,68,1,11
5,68,38,10
5,69,1,11
5,69,63,62
5,70,1,11
5,70,24,10
5,70,63,62
5,71,24,10
5,71,46,31
5,71,48,26
5,72,21,31
5,72,23,42
5,72,24,10
5,72,36,12
5,73,1,26
5,73,16,14
5,73,21,31
5,73,24,10
5,73,27,52
5,73,36,12
5,73,51,32
5,74,1,26
5,74,16,14
5,74,21,31
5,74,22,43
5,74,24,10
5,74,27,52
5,74,36,12
5,74,50,20
5,74,51,32
5,74,64,63
5,75,1,26
5,75,16,14
5,75,21,31
5,75,24,10
5,75,27,52
5,75,35,64
5,75,36,12
5,75,48,57
5,75,50,20
5,75,51,32
5,76,1,26
5,76,6,25
5,76,16,14
5,76,21,31
5,76,22,43
5,76,24,10
5,76,27,52
5,76,35,64
5,76,36,12
5,76,50,20
5,76,51,32
5,77,1,26
5,77,6,25
5,77,16,14
5,77,21,31
5,77,24,10
5,77,27,52
5,77,35,64
5,77,42,55
5,77,50,20
5,78,6,25
5,78,21,3
5,78,23,35
5,78,24,10
5,78,27,52
5,78,43,22
5,78,59,26
5,79,15,3
5,79,25,6
5,79,27,52
5,79,43,22
5,79,46,44
5,79,48,14
5,79,50,20
5,79,59,26
5,80,15,3
5,80,46,44
5,80,48,14
5,80,50,20
5,81,46,44
5,81,48,14
5,81,50,20
5,81,61,15
5,82,15,64
5,82,23,43
5,82,25,24
5,82,46,44
5,82,50,20
5,82,62,32
5,83,23,43
5,83,25,24
5,83,31,48
5,83,46,44
5,83,50,20
5,83,62,32
5,84,14,64
5,84,23,43
5,84,25,24
5,84,50,20
5,84,62,32
5,85,25,24
5,85,44,57
5,85,45,2
5,85,50,20
5,85,59,15
5,85,62,32
5,86,25,24
5,86,45,2
5,86,50,20
5,86,62,32
5,87,25,24
5,87,32,58
5,87,45,2
5,87,50,20
5,88,10,16
5,88,25,24
5,88,32,58
5,88,45,2
5,88,50,20
5,89,31,50
5,89,32,58
5,89,36,55
5,89,45,2
5,90,6,0
5,90,12,2
5,90,16,22
5,90,32,58
5,90,42,25
5,90,50,31
